,Languages,Salary,Machine Learning,Education,Benefits,Experience,url,Type
0,2,96955.0,No,Master,Yes,1.0,https://www.linkedin.com/jobs/view/3249211510/?alternateChannel=search&refId=VD198ZoVfaKwgiB8zkGpbw%3D%3D&trackingId=BqYouS74cmZGHpxL9C2ZGA%3D%3D&trk=d_flagship3_search_srp_jobs,Analyst
1,6,96955.0,No,Master,No,1.0,https://www.linkedin.com/jobs/view/3487242175/?alternateChannel=search&refId=JXABqO3QZgv%2BLHOKFDE7fw%3D%3D&trackingId=N9I6sffo3LQS3fZ%2BA%2BKsEg%3D%3D&trk=d_flagship3_search_srp_jobs,Analyst
2,4,96955.0,No,Bachelor,Yes,1.0,https://www.linkedin.com/jobs/view/3505418682/?alternateChannel=search&refId=%2BpaSeyQbeKD%2BxYKKAizIPQ%3D%3D&trackingId=0Lxb1PxTW7n%2FDV7rrhIG8Q%3D%3D&trk=d_flagship3_search_srp_jobs,Analyst
3,0,96955.0,No,Unspecified,No,2.0,https://www.linkedin.com/jobs/view/3498974602/?alternateChannel=search&refId=UgS%2BLnzOxzd0o5lfBwrIUg%3D%3D&trackingId=gzR56kYgzIfDemBhp74f6g%3D%3D&trk=d_flagship3_search_srp_jobs,Analyst
4,6,96955.0,No,Unspecified,No,5.0,https://www.linkedin.com/jobs/view/3508607089/?alternateChannel=search&refId=mjF%2Bzo2ld8vXVKBKARXTYA%3D%3D&trackingId=loqcIsi7A8CL8Vmop62OSg%3D%3D&trk=d_flagship3_search_srp_jobs,Analyst
5,2,96955.0,No,Master,Yes,4.0,https://www.linkedin.com/jobs/view/3456862041/?alternateChannel=search&refId=mjF%2Bzo2ld8vXVKBKARXTYA%3D%3D&trackingId=juDPb5S4%2ByysHmbv9JDl5g%3D%3D&trk=d_flagship3_search_srp_jobs,Analyst
6,4,96955.0,No,Master,No,2.0,https://www.linkedin.com/jobs/view/3507843178/?alternateChannel=search&refId=mjF%2Bzo2ld8vXVKBKARXTYA%3D%3D&trackingId=XHD%2B27dW8g8P%2BKaCAw4emQ%3D%3D&trk=d_flagship3_search_srp_jobs,Analyst
7,4,96955.0,No,Master,No,3.0,https://www.linkedin.com/jobs/view/3507141700/?alternateChannel=search&refId=mjF%2Bzo2ld8vXVKBKARXTYA%3D%3D&trackingId=P54YAehQYvhHb1JvgxN8ag%3D%3D&trk=d_flagship3_search_srp_jobs,Analyst
8,1,96955.0,No,Unspecified,Yes,3.0,https://www.linkedin.com/jobs/view/3492916139/?alternateChannel=search&refId=NWABB47NCvXLKrd7Ykt7TA%3D%3D&trackingId=a3nC%2BSZ6wfMUPl3mewKU1g%3D%3D&trk=d_flagship3_search_srp_jobs,Analyst
9,3,96955.0,No,Bachelor,No,3.0,https://www.linkedin.com/jobs/view/3499269839/?alternateChannel=search&refId=NWABB47NCvXLKrd7Ykt7TA%3D%3D&trackingId=V6OqJudkv7yK35YLX9NdbA%3D%3D&trk=d_flagship3_search_srp_jobs,Analyst
10,1,125000.0,No,Unspecified,No,4.0,https://www.linkedin.com/jobs/view/3499255853/?alternateChannel=search&refId=NWABB47NCvXLKrd7Ykt7TA%3D%3D&trackingId=mJh5WrzLB4mTkKzDIU3zXw%3D%3D&trk=d_flagship3_search_srp_jobs,Analyst
11,7,96955.0,No,Unspecified,No,5.0,https://www.linkedin.com/jobs/view/3511632332/?alternateChannel=search&refId=mjF%2Bzo2ld8vXVKBKARXTYA%3D%3D&trackingId=lEarBtUbrbcWqTvWU6XeOQ%3D%3D&trk=d_flagship3_search_srp_jobs,Analyst
12,4,96955.0,No,Master,No,0.0,https://www.linkedin.com/jobs/view/3505403106/?alternateChannel=search&refId=mjF%2Bzo2ld8vXVKBKARXTYA%3D%3D&trackingId=ZwAL4nT5X%2F%2BZqwyio47svA%3D%3D&trk=d_flagship3_search_srp_jobs,Analyst
13,1,133100.0,No,Unspecified,Yes,3.0,https://www.linkedin.com/jobs/view/3512272186/?alternateChannel=search&refId=mjF%2Bzo2ld8vXVKBKARXTYA%3D%3D&trackingId=DuDxT6L0wnOVfyTzr789Xg%3D%3D&trk=d_flagship3_search_srp_jobs,Analyst
14,3,96955.0,No,Unspecified,No,3.0,https://www.linkedin.com/jobs/view/3499126864/?alternateChannel=search&refId=NWABB47NCvXLKrd7Ykt7TA%3D%3D&trackingId=StIEWFb2FP%2FWkYGpYw24Nw%3D%3D&trk=d_flagship3_search_srp_jobs,Analyst
15,6,96955.0,No,Master,No,2.0,https://www.linkedin.com/jobs/view/3505977879/?alternateChannel=search&refId=mjF%2Bzo2ld8vXVKBKARXTYA%3D%3D&trackingId=WkyM1jycSWWDghtmqQcMlw%3D%3D&trk=d_flagship3_search_srp_jobs,Analyst
16,2,96955.0,Yes,Bachelor,Yes,2.0,https://www.linkedin.com/jobs/view/3509655528/?alternateChannel=search&refId=gPWJCLIvYpWYFGgTxJqtJw%3D%3D&trackingId=Vt2F8v9iONwtg%2BQnfuGIow%3D%3D&trk=d_flagship3_search_srp_jobs,Analyst
17,6,96955.0,No,Master,No,2.0,https://www.linkedin.com/jobs/view/3505977879/?alternateChannel=search&refId=gPWJCLIvYpWYFGgTxJqtJw%3D%3D&trackingId=Dlqta%2BGB01lG1%2FZ3C0q7AQ%3D%3D&trk=d_flagship3_search_srp_jobs,Analyst
18,0,96955.0,No,Bachelor,No,3.0,https://www.linkedin.com/jobs/view/3487142091/?alternateChannel=search&refId=eUf97BLKMcJCe7F8oZDXrQ%3D%3D&trackingId=Cqns7vrChI9d3IyXc4sWhA%3D%3D&trk=d_flagship3_search_srp_jobs,Analyst
19,4,96955.0,No,Bachelor,Yes,3.0,https://www.linkedin.com/jobs/view/3488691439/?alternateChannel=search&refId=NWABB47NCvXLKrd7Ykt7TA%3D%3D&trackingId=7QSNY3MZRgXIP%2F7L9Hb6TA%3D%3D&trk=d_flagship3_search_srp_jobs,Analyst
20,3,96955.0,No,Master,No,1.0,https://www.linkedin.com/jobs/view/3491778866/?alternateChannel=search&eBP=CwEAAAGGrnZxmz-4qudDf0AdmTbtkBai6eckvna0nULvtPTyWR3KcRAlWohbkoheImFe6yrm0PJGCqms3ANrie3eQ-zOxZRQbiemcoTXSvd0m2aUuSP3_shuvJGjJAFGTLmtgwN8SjwrMcqjk57QmvxZRVbL4iCeeS8GhQGSatY6sMgtNtBK1wWP4hgWr5bULp_WIt9nkD_D-V4Q-Ef0ncD9AzGOw4o3s6vEaWVcp-b_CThnm8pycRz5T6xECAOSoKAn_8Et9HMrH6T-isrNFi7vAE37x5hbjg1EXnXR1q45NOObNqm8v_D169Q-ZXScDreN2dYIuPSehS4TtesZZioygUYMZV0nVrjeu25ZQN8onUq1eIxTWgflHdowbddk3ti6BI8kOQ&refId=NWABB47NCvXLKrd7Ykt7TA%3D%3D&trackingId=QYFx7G1E1JVHSs1rAAH6%2Bw%3D%3D&trk=d_flagship3_search_srp_jobs,Analyst
21,4,96955.0,No,Master,No,4.0,https://www.linkedin.com/jobs/view/3496731411/?alternateChannel=search&refId=eUf97BLKMcJCe7F8oZDXrQ%3D%3D&trackingId=WHPyV1Ya1NlCbfjMXJjV%2BQ%3D%3D&trk=d_flagship3_search_srp_jobs,Analyst
22,4,96955.0,No,Bachelor,Yes,3.0,https://www.linkedin.com/jobs/view/3488630612/?alternateChannel=search&refId=NWABB47NCvXLKrd7Ykt7TA%3D%3D&trackingId=0HkaQFncmzSAAm1VAFz%2F6g%3D%3D&trk=d_flagship3_search_srp_jobs,Analyst
23,4,96955.0,No,Bachelor,No,0.0,https://www.linkedin.com/jobs/view/3496102239/?alternateChannel=search&refId=NWABB47NCvXLKrd7Ykt7TA%3D%3D&trackingId=JiYcbVpm%2BKz%2Fl9HpYKM2ow%3D%3D&trk=d_flagship3_search_srp_jobs,Analyst
24,2,127333.0,No,Bachelor,Yes,8.0,https://www.linkedin.com/jobs/view/3495674661/?alternateChannel=search&refId=NWABB47NCvXLKrd7Ykt7TA%3D%3D&trackingId=B1rPbwrTjIzCrTSyGxGDdw%3D%3D&trk=d_flagship3_search_srp_jobs,Analyst
25,2,96955.0,No,Unspecified,No,4.0,https://www.linkedin.com/jobs/view/3491959780/?alternateChannel=search&refId=UgS%2BLnzOxzd0o5lfBwrIUg%3D%3D&trackingId=yCZVySVeiQvNcAs8tV7O5g%3D%3D&trk=d_flagship3_search_srp_jobs,Analyst
26,8,96955.0,Yes,Bachelor,No,3.0,https://www.linkedin.com/jobs/view/3482557663/?alternateChannel=search&refId=bUuSO67FACleck0qLIsOEw%3D%3D&trackingId=eFtodEnJq8%2FvDhGKTFy9vA%3D%3D&trk=d_flagship3_search_srp_jobs,Analyst
27,2,96955.0,No,Bachelor,Yes,3.0,https://www.linkedin.com/jobs/view/3497655155/?alternateChannel=search&refId=bUuSO67FACleck0qLIsOEw%3D%3D&trackingId=yaesC0%2FtNjjOxUrebgAuow%3D%3D&trk=d_flagship3_search_srp_jobs,Analyst
28,0,96955.0,No,Unspecified,No,3.0,https://www.linkedin.com/jobs/view/3496092247/?alternateChannel=search&refId=tD86EsvkK2i9il%2BaH3%2FXhQ%3D%3D&trackingId=MwHDvID6jzlUD%2BPT1jU%2FdA%3D%3D&trk=d_flagship3_search_srp_jobs,Analyst
29,3,96955.0,No,Unspecified,No,1.0,https://www.linkedin.com/jobs/view/3493897268/?alternateChannel=search&refId=bUuSO67FACleck0qLIsOEw%3D%3D&trackingId=GBF0o%2BqVmbDn5c36zI4qcQ%3D%3D&trk=d_flagship3_search_srp_jobs,Analyst
30,0,96955.0,No,Unspecified,No,3.0,https://www.linkedin.com/jobs/view/3496092247/?alternateChannel=search&refId=VHK7B18qKFlkneKMGosKdg%3D%3D&trackingId=1rwG%2BDddA1JXaBxCVyhSyg%3D%3D&trk=d_flagship3_search_srp_jobs,Analyst
31,4,96955.0,No,Unspecified,No,0.0,https://www.linkedin.com/jobs/view/3495686468/?alternateChannel=search&refId=bUuSO67FACleck0qLIsOEw%3D%3D&trackingId=SnethqT%2B4%2Fa89lESpJllDw%3D%3D&trk=d_flagship3_search_srp_jobs,Analyst
32,4,70000.0,No,Bachelor,Yes,0.0,https://www.linkedin.com/jobs/view/3485531526/?alternateChannel=search&refId=bUuSO67FACleck0qLIsOEw%3D%3D&trackingId=eRDs7hsAjfDBS8Tt8iIThQ%3D%3D&trk=d_flagship3_search_srp_jobs,Analyst
33,6,96955.0,No,Master,No,1.0,https://www.linkedin.com/jobs/view/3503792094/?alternateChannel=search&refId=bUuSO67FACleck0qLIsOEw%3D%3D&trackingId=P%2FRB55O%2B%2BGYAP8gTL9ugzQ%3D%3D&trk=d_flagship3_search_srp_jobs,Analyst
34,3,96955.0,No,Unspecified,No,2.0,https://www.linkedin.com/jobs/view/3495654543/?alternateChannel=search&refId=bUuSO67FACleck0qLIsOEw%3D%3D&trackingId=lc3G0c8WgTlWBNO0saNtbg%3D%3D&trk=d_flagship3_search_srp_jobs,Analyst
35,0,96955.0,No,Master,No,0.0,https://www.linkedin.com/jobs/view/3495654842/?alternateChannel=search&refId=bUuSO67FACleck0qLIsOEw%3D%3D&trackingId=zn%2FE4wTVmE%2F1Z1f4C2ZVKA%3D%3D&trk=d_flagship3_search_srp_jobs,Analyst
36,4,96955.0,No,Bachelor,Yes,6.0,https://www.linkedin.com/jobs/view/3491485328/?alternateChannel=search&refId=bUuSO67FACleck0qLIsOEw%3D%3D&trackingId=fzlqSgFB2yLvKnF%2BhSCwNA%3D%3D&trk=d_flagship3_search_srp_jobs,Analyst
37,1,96955.0,No,Bachelor,No,3.0,https://www.linkedin.com/jobs/view/3480285201/?alternateChannel=search&refId=bUuSO67FACleck0qLIsOEw%3D%3D&trackingId=oKy93LI7m48hkD5o%2FU0Gaw%3D%3D&trk=d_flagship3_search_srp_jobs,Analyst
38,1,96955.0,No,Master,No,0.0,https://www.linkedin.com/jobs/view/3488092382/?alternateChannel=search&refId=bUuSO67FACleck0qLIsOEw%3D%3D&trackingId=uMo5pboZR48Oo%2B0SoQup6g%3D%3D&trk=d_flagship3_search_srp_jobs,Analyst
39,1,100000.0,No,Unspecified,No,0.0,https://www.linkedin.com/jobs/view/3500262772/?alternateChannel=search&refId=bUuSO67FACleck0qLIsOEw%3D%3D&trackingId=73%2FfPVUyE3OOrGXUb%2FmCWA%3D%3D&trk=d_flagship3_search_srp_jobs,Analyst
40,3,96955.0,No,PhD,No,0.0,https://www.linkedin.com/jobs/view/3489487289/?alternateChannel=search&refId=bUuSO67FACleck0qLIsOEw%3D%3D&trackingId=lx8CV2%2Fymqo3tMC%2BI4hsYQ%3D%3D&trk=d_flagship3_search_srp_jobs,Analyst
41,2,96955.0,No,Master,No,2.0,https://www.linkedin.com/jobs/view/3495634532/?alternateChannel=search&refId=bUuSO67FACleck0qLIsOEw%3D%3D&trackingId=MFGxvS1mP%2BSqvl3o%2Fu1Sxg%3D%3D&trk=d_flagship3_search_srp_jobs,Analyst
42,2,90000.0,No,Bachelor,Yes,1.0,https://www.linkedin.com/jobs/view/3494529354/?alternateChannel=search&refId=bUuSO67FACleck0qLIsOEw%3D%3D&trackingId=KmkV0t2YATwAzRNVksZZKA%3D%3D&trk=d_flagship3_search_srp_jobs,Analyst
43,3,85000.0,No,Bachelor,Yes,3.0,https://www.linkedin.com/jobs/view/3494564440/?alternateChannel=search&refId=bUuSO67FACleck0qLIsOEw%3D%3D&trackingId=V0rJXgQpqFgEFsEjKH9nIA%3D%3D&trk=d_flagship3_search_srp_jobs,Analyst
44,2,96955.0,No,Bachelor,No,0.0,https://www.linkedin.com/jobs/view/3495693106/?alternateChannel=search&refId=dkG0OgTVkJlbNe5Acdpd%2BA%3D%3D&trackingId=CX0IhX5V77rvigNHMkIrrQ%3D%3D&trk=d_flagship3_search_srp_jobs,Analyst
45,2,96955.0,No,Bachelor,No,5.0,https://www.linkedin.com/jobs/view/3487777637/?alternateChannel=search&refId=dkG0OgTVkJlbNe5Acdpd%2BA%3D%3D&trackingId=BgtW%2FNgcmVtsXQiKzYtNoA%3D%3D&trk=d_flagship3_search_srp_jobs,Analyst
46,3,96955.0,No,Unspecified,Yes,0.0,https://www.linkedin.com/jobs/view/3487709897/?alternateChannel=search&refId=dkG0OgTVkJlbNe5Acdpd%2BA%3D%3D&trackingId=PShEgSQ3izBxrBULeHxCkA%3D%3D&trk=d_flagship3_search_srp_jobs,Analyst
47,3,96955.0,Yes,Unspecified,No,5.0,https://www.linkedin.com/jobs/view/3512466597/?alternateChannel=search&refId=dkG0OgTVkJlbNe5Acdpd%2BA%3D%3D&trackingId=%2FyLV2WJVdHyZomxOtwp4jA%3D%3D&trk=d_flagship3_search_srp_jobs,Analyst
48,1,128700.0,No,Bachelor,Yes,2.0,https://www.linkedin.com/jobs/view/3495654381/?alternateChannel=search&refId=dkG0OgTVkJlbNe5Acdpd%2BA%3D%3D&trackingId=5FlcyfVV9LL3fKelk0mxKw%3D%3D&trk=d_flagship3_search_srp_jobs,Analyst
49,2,115000.0,No,Bachelor,Yes,0.0,https://www.linkedin.com/jobs/view/3497733873/?alternateChannel=search&refId=dkG0OgTVkJlbNe5Acdpd%2BA%3D%3D&trackingId=lnnR0DzdirfW1u1zNtOlPw%3D%3D&trk=d_flagship3_search_srp_jobs,Analyst
50,6,96955.0,No,Bachelor,No,3.0,https://www.linkedin.com/jobs/view/3499554593/?alternateChannel=search&refId=dkG0OgTVkJlbNe5Acdpd%2BA%3D%3D&trackingId=B3KwFaQdacHuzEgbG%2FG8bQ%3D%3D&trk=d_flagship3_search_srp_jobs,Analyst
51,3,96955.0,No,Bachelor,Yes,0.0,https://www.linkedin.com/jobs/view/3494451117/?alternateChannel=search&refId=dkG0OgTVkJlbNe5Acdpd%2BA%3D%3D&trackingId=N4k%2FFHwodKXVcTP%2FmHLYqw%3D%3D&trk=d_flagship3_search_srp_jobs,Analyst
52,2,96955.0,No,Unspecified,No,0.0,https://www.linkedin.com/jobs/view/3512451344/?alternateChannel=search&refId=dkG0OgTVkJlbNe5Acdpd%2BA%3D%3D&trackingId=5XaohZQ6qB63Z7tIIjjhQA%3D%3D&trk=d_flagship3_search_srp_jobs,Analyst
53,4,133000.0,No,Master,Yes,0.0,https://www.linkedin.com/jobs/view/3494238784/?alternateChannel=search&refId=dkG0OgTVkJlbNe5Acdpd%2BA%3D%3D&trackingId=igZN8F%2BOFt6%2Byp2snzd8YQ%3D%3D&trk=d_flagship3_search_srp_jobs,Analyst
54,1,100000.0,No,Unspecified,No,0.0,https://www.linkedin.com/jobs/view/3500266283/?alternateChannel=search&refId=dkG0OgTVkJlbNe5Acdpd%2BA%3D%3D&trackingId=kclMX7LrdETh0v4POX0vLw%3D%3D&trk=d_flagship3_search_srp_jobs,Analyst
55,0,96955.0,No,Unspecified,No,0.0,https://www.linkedin.com/jobs/view/3495578342/?alternateChannel=search&refId=dkG0OgTVkJlbNe5Acdpd%2BA%3D%3D&trackingId=0Ob422e1FO0DIIXMvSm5EQ%3D%3D&trk=d_flagship3_search_srp_jobs,Analyst
56,1,96955.0,No,Bachelor,No,0.0,https://www.linkedin.com/jobs/view/3490804946/?alternateChannel=search&refId=dkG0OgTVkJlbNe5Acdpd%2BA%3D%3D&trackingId=cuqQcFpGS9y5yq7gb3UV7Q%3D%3D&trk=d_flagship3_search_srp_jobs,Analyst
57,1,96955.0,No,Unspecified,No,0.0,https://www.linkedin.com/jobs/view/3512520788/?alternateChannel=search&refId=dkG0OgTVkJlbNe5Acdpd%2BA%3D%3D&trackingId=mjG2eaO8VZpMtzSy4P3Owg%3D%3D&trk=d_flagship3_search_srp_jobs,Analyst
58,2,96955.0,No,Unspecified,No,0.0,https://www.linkedin.com/jobs/view/3490303130/?alternateChannel=search&refId=dkG0OgTVkJlbNe5Acdpd%2BA%3D%3D&trackingId=4zpQrFg96sHFDEjZ3zdqBg%3D%3D&trk=d_flagship3_search_srp_jobs,Analyst
59,3,96955.0,No,Master,No,5.0,https://www.linkedin.com/jobs/view/3493909748/?alternateChannel=search&refId=dkG0OgTVkJlbNe5Acdpd%2BA%3D%3D&trackingId=1HilajB3LHEsvebT4PNQTg%3D%3D&trk=d_flagship3_search_srp_jobs,Analyst
60,3,96955.0,Yes,Master,No,6.0,https://www.linkedin.com/jobs/view/3485549081/?alternateChannel=search&refId=dkG0OgTVkJlbNe5Acdpd%2BA%3D%3D&trackingId=tBtPBbnxI%2BnQb68734FC1Q%3D%3D&trk=d_flagship3_search_srp_jobs,Analyst
61,4,96955.0,No,Unspecified,Yes,3.0,https://www.linkedin.com/jobs/view/3496797402/?alternateChannel=search&refId=dkG0OgTVkJlbNe5Acdpd%2BA%3D%3D&trackingId=KcmjmUD7%2F7bG%2FZlZlX0qtA%3D%3D&trk=d_flagship3_search_srp_jobs,Analyst
62,0,96955.0,Yes,Bachelor,Yes,1.0,https://www.linkedin.com/jobs/view/3507194381/?alternateChannel=search&refId=dkG0OgTVkJlbNe5Acdpd%2BA%3D%3D&trackingId=qyDp2TbPLRTBq2maWevV6g%3D%3D&trk=d_flagship3_search_srp_jobs,Analyst
63,3,96955.0,No,Unspecified,No,0.0,https://www.linkedin.com/jobs/view/3488658887/?alternateChannel=search&refId=dkG0OgTVkJlbNe5Acdpd%2BA%3D%3D&trackingId=SRHp0scNNRfnjwftbEAPoQ%3D%3D&trk=d_flagship3_search_srp_jobs,Analyst
64,4,96955.0,No,Bachelor,No,2.0,https://www.linkedin.com/jobs/view/3505492538/?alternateChannel=search&refId=tjE8t1GFVv2h1AdFOsRIzA%3D%3D&trackingId=pQS1%2BXa7jJ5c5ORNPG2oDw%3D%3D&trk=d_flagship3_search_srp_jobs,Analyst
65,4,96955.0,No,Bachelor,Yes,2.0,https://www.linkedin.com/jobs/view/3505496763/?alternateChannel=search&refId=tjE8t1GFVv2h1AdFOsRIzA%3D%3D&trackingId=Ky1AMuFgVY0eg5xWXAV6pA%3D%3D&trk=d_flagship3_search_srp_jobs,Analyst
66,5,96955.0,No,Master,Yes,5.0,https://www.linkedin.com/jobs/view/3496431666/?alternateChannel=search&refId=tjE8t1GFVv2h1AdFOsRIzA%3D%3D&trackingId=BIxqiZZTckSPgzv7Eo0JYw%3D%3D&trk=d_flagship3_search_srp_jobs,Analyst
67,4,96955.0,No,Master,Yes,0.0,https://www.linkedin.com/jobs/view/3511827145/?alternateChannel=search&refId=tjE8t1GFVv2h1AdFOsRIzA%3D%3D&trackingId=XHmIhAk%2BQvSuRU%2BaeYe88A%3D%3D&trk=d_flagship3_search_srp_jobs,Analyst
68,2,96955.0,No,Bachelor,No,1.0,https://www.linkedin.com/jobs/view/3512429439/?alternateChannel=search&refId=tjE8t1GFVv2h1AdFOsRIzA%3D%3D&trackingId=n8SEoeoz1dfLqu47MuFjIA%3D%3D&trk=d_flagship3_search_srp_jobs,Analyst
69,2,96955.0,No,Master,No,1.0,https://www.linkedin.com/jobs/view/3512515787/?alternateChannel=search&refId=tjE8t1GFVv2h1AdFOsRIzA%3D%3D&trackingId=rsvwuW%2BCsyvBzd3tFuKprg%3D%3D&trk=d_flagship3_search_srp_jobs,Analyst
70,3,96955.0,No,Master,No,2.0,https://www.linkedin.com/jobs/view/3505448647/?alternateChannel=search&refId=tjE8t1GFVv2h1AdFOsRIzA%3D%3D&trackingId=V6v0QByb4WC%2BUTOlI4Vv9A%3D%3D&trk=d_flagship3_search_srp_jobs,Analyst
71,3,96955.0,No,Unspecified,Yes,2.0,https://www.linkedin.com/jobs/view/3507896566/?alternateChannel=search&refId=tjE8t1GFVv2h1AdFOsRIzA%3D%3D&trackingId=C%2Fb04eEQ2XPmAhNMYmxTrw%3D%3D&trk=d_flagship3_search_srp_jobs,Analyst
72,7,96955.0,No,Bachelor,No,2.0,https://www.linkedin.com/jobs/view/3505424217/?alternateChannel=search&refId=tjE8t1GFVv2h1AdFOsRIzA%3D%3D&trackingId=eWfeN2eGi2trEqZzQHTpwA%3D%3D&trk=d_flagship3_search_srp_jobs,Analyst
73,2,96955.0,Yes,Bachelor,Yes,5.0,https://www.linkedin.com/jobs/view/3505905528/?alternateChannel=search&refId=tjE8t1GFVv2h1AdFOsRIzA%3D%3D&trackingId=zsbcfe9%2BZyo2KpmJUx2LLw%3D%3D&trk=d_flagship3_search_srp_jobs,Analyst
74,5,80000.0,No,Bachelor,Yes,3.0,https://www.linkedin.com/jobs/view/3500269812/?alternateChannel=search&refId=tjE8t1GFVv2h1AdFOsRIzA%3D%3D&trackingId=XtAo8iXdP8AvjWWwD8nD6Q%3D%3D&trk=d_flagship3_search_srp_jobs,Analyst
75,4,96955.0,No,Master,Yes,0.0,https://www.linkedin.com/jobs/view/3511369169/?alternateChannel=search&refId=tjE8t1GFVv2h1AdFOsRIzA%3D%3D&trackingId=MMecUSa%2BH63rhaZ%2FFRZR6w%3D%3D&trk=d_flagship3_search_srp_jobs,Analyst
76,3,96955.0,No,Master,Yes,2.0,https://www.linkedin.com/jobs/view/3495610932/?alternateChannel=search&refId=tjE8t1GFVv2h1AdFOsRIzA%3D%3D&trackingId=J3JlNhwuDXXFk%2BzWOwTiMg%3D%3D&trk=d_flagship3_search_srp_jobs,Analyst
77,3,96955.0,No,Master,No,5.0,https://www.linkedin.com/jobs/view/3507844077/?alternateChannel=search&refId=tjE8t1GFVv2h1AdFOsRIzA%3D%3D&trackingId=eg3UbzwOtVX1ODBaF0EmKQ%3D%3D&trk=d_flagship3_search_srp_jobs,Analyst
78,0,96955.0,No,Unspecified,Yes,0.0,https://www.linkedin.com/jobs/view/3507860531/?alternateChannel=search&refId=tjE8t1GFVv2h1AdFOsRIzA%3D%3D&trackingId=Snpgxpd6WRLVZpJbHpBDzw%3D%3D&trk=d_flagship3_search_srp_jobs,Analyst
79,2,96955.0,No,Master,No,2.0,https://www.linkedin.com/jobs/view/3490606955/?alternateChannel=search&refId=PoisozcNOKyt2tr%2Fz76%2BRA%3D%3D&trackingId=DCxbydnFgo3SRPa%2FHTYJUA%3D%3D&trk=d_flagship3_search_srp_jobs,Analyst
80,5,96955.0,No,Bachelor,No,3.0,https://www.linkedin.com/jobs/view/3493466568/?alternateChannel=search&refId=PoisozcNOKyt2tr%2Fz76%2BRA%3D%3D&trackingId=sTkNRmT6MNXgFu82uvfz6A%3D%3D&trk=d_flagship3_search_srp_jobs,Analyst
81,3,96955.0,No,Unspecified,No,0.0,https://www.linkedin.com/jobs/view/3495647309/?alternateChannel=search&refId=PoisozcNOKyt2tr%2Fz76%2BRA%3D%3D&trackingId=RkJ%2FKZoNLXDamjy887uYYg%3D%3D&trk=d_flagship3_search_srp_jobs,Analyst
82,6,96955.0,Yes,Master,Yes,0.0,https://www.linkedin.com/jobs/view/3494073924/?alternateChannel=search&refId=PoisozcNOKyt2tr%2Fz76%2BRA%3D%3D&trackingId=gWsH6wbX8xqRYkZq7r4AFQ%3D%3D&trk=d_flagship3_search_srp_jobs,Analyst
83,3,96955.0,Yes,Unspecified,No,5.0,https://www.linkedin.com/jobs/view/3485575875/?alternateChannel=search&refId=PoisozcNOKyt2tr%2Fz76%2BRA%3D%3D&trackingId=NsRV%2FetbSd8wHxul61SKLw%3D%3D&trk=d_flagship3_search_srp_jobs,Analyst
84,2,96955.0,No,Master,Yes,0.0,https://www.linkedin.com/jobs/view/3498811906/?alternateChannel=search&refId=PoisozcNOKyt2tr%2Fz76%2BRA%3D%3D&trackingId=rDebeUGzBQw19sg98lGXzw%3D%3D&trk=d_flagship3_search_srp_jobs,Analyst
85,1,96955.0,No,Bachelor,No,0.0,https://www.linkedin.com/jobs/view/3494592372/?alternateChannel=search&refId=PoisozcNOKyt2tr%2Fz76%2BRA%3D%3D&trackingId=jtLvE1kETibm%2BJVF0Xak%2BA%3D%3D&trk=d_flagship3_search_srp_jobs,Analyst
86,1,96955.0,No,Master,No,0.0,https://www.linkedin.com/jobs/view/3486412422/?alternateChannel=search&refId=PoisozcNOKyt2tr%2Fz76%2BRA%3D%3D&trackingId=LFl2SSkSQUGLNKZAOjBwZA%3D%3D&trk=d_flagship3_search_srp_jobs,Analyst
87,4,65000.0,No,Master,Yes,5.0,https://www.linkedin.com/jobs/view/3498130371/?alternateChannel=search&refId=PoisozcNOKyt2tr%2Fz76%2BRA%3D%3D&trackingId=S5%2F3%2FvefEvnT%2FGDg6OSkPw%3D%3D&trk=d_flagship3_search_srp_jobs,Analyst
88,3,96955.0,No,Bachelor,Yes,1.0,https://www.linkedin.com/jobs/view/3501081381/?alternateChannel=search&refId=PoisozcNOKyt2tr%2Fz76%2BRA%3D%3D&trackingId=BdLYQyqU14CzyrYTmJYlmQ%3D%3D&trk=d_flagship3_search_srp_jobs,Analyst
89,3,96955.0,No,Unspecified,No,3.0,https://www.linkedin.com/jobs/view/3495815900/?alternateChannel=search&refId=PoisozcNOKyt2tr%2Fz76%2BRA%3D%3D&trackingId=9Vm07nw6qvAl1PI7N2og%2BA%3D%3D&trk=d_flagship3_search_srp_jobs,Analyst
90,2,96955.0,No,Bachelor,No,1.0,https://www.linkedin.com/jobs/view/3489481743/?alternateChannel=search&refId=PoisozcNOKyt2tr%2Fz76%2BRA%3D%3D&trackingId=P3kK82gRd%2BMURBwBr21qLw%3D%3D&trk=d_flagship3_search_srp_jobs,Analyst
91,0,96955.0,No,Bachelor,Yes,2.0,https://www.linkedin.com/jobs/view/3495476456/?alternateChannel=search&refId=PoisozcNOKyt2tr%2Fz76%2BRA%3D%3D&trackingId=Dt%2F%2Fz%2B4jn3qiAjzOkKCaiA%3D%3D&trk=d_flagship3_search_srp_jobs,Analyst
92,0,96955.0,Yes,Unspecified,No,0.0,https://www.linkedin.com/jobs/view/3489526424/?alternateChannel=search&refId=UgS%2BLnzOxzd0o5lfBwrIUg%3D%3D&trackingId=%2FRUhZbHsdO6F6vJ%2BYNSkdw%3D%3D&trk=d_flagship3_search_srp_jobs,Analyst
93,4,96955.0,No,Unspecified,Yes,7.0,https://www.linkedin.com/jobs/view/3488623693/?alternateChannel=search&refId=UgS%2BLnzOxzd0o5lfBwrIUg%3D%3D&trackingId=PSYr740wMPbe%2FZZx%2BPCQxA%3D%3D&trk=d_flagship3_search_srp_jobs,Analyst
94,3,96955.0,No,Bachelor,Yes,0.0,https://www.linkedin.com/jobs/view/3492602300/?alternateChannel=search&refId=UgS%2BLnzOxzd0o5lfBwrIUg%3D%3D&trackingId=wSyeZXXhgtMUxl2lkOdp5w%3D%3D&trk=d_flagship3_search_srp_jobs,Analyst
95,2,96955.0,No,Unspecified,No,0.0,https://www.linkedin.com/jobs/view/3503741339/?alternateChannel=search&refId=UgS%2BLnzOxzd0o5lfBwrIUg%3D%3D&trackingId=zIhbNtFJmy5ZXEu1GBnZ8A%3D%3D&trk=d_flagship3_search_srp_jobs,Analyst
96,6,96955.0,No,Master,Yes,0.0,https://www.linkedin.com/jobs/view/3497727530/?alternateChannel=search&refId=UgS%2BLnzOxzd0o5lfBwrIUg%3D%3D&trackingId=02ldEIy%2BIL%2BUrVUe5BOc0w%3D%3D&trk=d_flagship3_search_srp_jobs,Analyst
97,3,96955.0,No,Unspecified,No,4.0,https://www.linkedin.com/jobs/view/3488239050/?alternateChannel=search&refId=UgS%2BLnzOxzd0o5lfBwrIUg%3D%3D&trackingId=xFWvNOU50J5jZ9TTsXwDRA%3D%3D&trk=d_flagship3_search_srp_jobs,Analyst
98,5,144500.0,Yes,PhD,No,1.0,https://www.linkedin.com/jobs/view/3480836400/?alternateChannel=search&refId=hzJz0m5p3LFO7tIxWaitKg%3D%3D&trackingId=vL57L5M%2B6bh2eEwBhn9fXg%3D%3D,Scientist
99,2,144500.0,Yes,Unspecified,Yes,0.0,https://www.linkedin.com/jobs/view/3482317582/?alternateChannel=search&refId=hzJz0m5p3LFO7tIxWaitKg%3D%3D&trackingId=oEP9Zl7sWKd6%2BCbdzJvrTQ%3D%3D,Scientist
100,1,144500.0,Yes,Master,No,0.0,https://www.linkedin.com/jobs/view/3485598972/?alternateChannel=search&refId=hzJz0m5p3LFO7tIxWaitKg%3D%3D&trackingId=%2BTU10220%2FrTKY%2FORdVzoFA%3D%3D,Scientist
101,4,144500.0,Yes,PhD,Yes,0.0,https://www.linkedin.com/jobs/view/3474104997/?alternateChannel=search&refId=hzJz0m5p3LFO7tIxWaitKg%3D%3D&trackingId=3oumyc0qhUKfnDeF9Jl5LA%3D%3D,Scientist
102,4,144500.0,Yes,Unspecified,No,1.0,https://www.linkedin.com/jobs/view/3499243413/?alternateChannel=search&refId=%2BF%2BFXjeZ97mraoWZ%2F29HXA%3D%3D&trackingId=8eZmIdS%2F78n5ZkIhD6sS3g%3D%3D,Scientist
103,3,144500.0,Yes,PhD,Yes,0.0,https://www.linkedin.com/jobs/view/3497809413/?alternateChannel=search&refId=%2BF%2BFXjeZ97mraoWZ%2F29HXA%3D%3D&trackingId=ZbgEVG3%2FOsyrNrVUNE1IjA%3D%3D,Scientist
104,3,190150.0,Yes,Master,No,0.0,https://www.linkedin.com/jobs/view/3485589284/?alternateChannel=search&refId=%2BF%2BFXjeZ97mraoWZ%2F29HXA%3D%3D&trackingId=qQyYXInBcNp5rdYhy9rkdQ%3D%3D,Scientist
105,1,144500.0,Yes,Bachelor,Yes,1.0,https://www.linkedin.com/jobs/view/3499231522/?alternateChannel=search&refId=%2BF%2BFXjeZ97mraoWZ%2F29HXA%3D%3D&trackingId=ofD3EYQQb4gt5yR9HmElTw%3D%3D,Scientist
106,4,100500.0,Yes,Unspecified,Yes,0.0,https://www.linkedin.com/jobs/view/3484736484/?alternateChannel=search&refId=%2BF%2BFXjeZ97mraoWZ%2F29HXA%3D%3D&trackingId=lDvm0eGr3I1LrHNr88YlcQ%3D%3D,Scientist
107,0,144500.0,Yes,Unspecified,No,3.0,https://www.linkedin.com/jobs/view/3482943863/?alternateChannel=search&refId=%2BF%2BFXjeZ97mraoWZ%2F29HXA%3D%3D&trackingId=PNxMNhkPfGTRgyNKYh59Ew%3D%3D,Scientist
108,5,100000.0,Yes,Master,No,1.0,https://www.linkedin.com/jobs/view/3485092940/?alternateChannel=search&refId=%2BF%2BFXjeZ97mraoWZ%2F29HXA%3D%3D&trackingId=6kY%2FhRj3kumCi%2B6ZBhx9sA%3D%3D,Scientist
109,4,144500.0,No,Master,Yes,5.0,https://www.linkedin.com/jobs/view/3498209260/?alternateChannel=search&refId=%2BF%2BFXjeZ97mraoWZ%2F29HXA%3D%3D&trackingId=HQTdn%2FYRljc9Bod%2FGyQbYQ%3D%3D,Scientist
110,3,144500.0,Yes,PhD,Yes,5.0,https://www.linkedin.com/jobs/view/3497410604/?alternateChannel=search&refId=%2BF%2BFXjeZ97mraoWZ%2F29HXA%3D%3D&trackingId=tq%2BWMz23cqOdhCoNHkfIIQ%3D%3D,Scientist
111,2,128000.0,Yes,Bachelor,Yes,1.0,https://www.linkedin.com/jobs/view/3482024773/?alternateChannel=search&refId=%2BF%2BFXjeZ97mraoWZ%2F29HXA%3D%3D&trackingId=zqtAx1bmrd%2BKKJHnbXQmdQ%3D%3D,Scientist
112,3,144500.0,No,PhD,Yes,0.0,https://www.linkedin.com/jobs/view/3497412440/?alternateChannel=search&refId=%2BF%2BFXjeZ97mraoWZ%2F29HXA%3D%3D&trackingId=ir%2F%2Bmpp8vuu%2FbxocH4pR2Q%3D%3D,Scientist
113,2,144500.0,Yes,PhD,No,5.0,https://www.linkedin.com/jobs/view/3477186036/?alternateChannel=search&refId=%2BF%2BFXjeZ97mraoWZ%2F29HXA%3D%3D&trackingId=4MWwcg6GDm7NtyeFhkgt2A%3D%3D,Scientist
114,5,144500.0,No,Master,No,3.0,https://www.linkedin.com/jobs/view/3492905077/?alternateChannel=search&refId=%2BF%2BFXjeZ97mraoWZ%2F29HXA%3D%3D&trackingId=OzmSTSKMGPbd6TKlVTpEfw%3D%3D,Scientist
115,6,153000.0,No,PhD,Yes,0.0,https://www.linkedin.com/jobs/view/3495650895/?alternateChannel=search&refId=%2BF%2BFXjeZ97mraoWZ%2F29HXA%3D%3D&trackingId=8jppB5uBQwbM8ImGBexyLQ%3D%3D,Scientist
116,3,258000.0,Yes,Master,Yes,2.0,https://www.linkedin.com/jobs/view/3477765885/?alternateChannel=search&refId=B74ZU7%2BKFa8WGBQqYfevCw%3D%3D&trackingId=BNvnbkeqXV0iaDexh5gvHQ%3D%3D,Scientist
117,4,144500.0,No,Master,Yes,2.0,https://www.linkedin.com/jobs/view/3507858351/?alternateChannel=search&refId=B74ZU7%2BKFa8WGBQqYfevCw%3D%3D&trackingId=OhZB3Fhl%2FnHSkaHkS7tBtw%3D%3D,Scientist
118,0,154240.0,Yes,PhD,No,0.0,https://www.linkedin.com/jobs/view/3486730652/?alternateChannel=search&refId=B74ZU7%2BKFa8WGBQqYfevCw%3D%3D&trackingId=O%2Fm6o9%2FYtGkrUY11ny1L8g%3D%3D,Scientist
119,5,144500.0,No,Bachelor,No,0.0,https://www.linkedin.com/jobs/view/3510798014/?alternateChannel=search&refId=B74ZU7%2BKFa8WGBQqYfevCw%3D%3D&trackingId=ia6FFR3VCH6Z3Dfr6gR1sg%3D%3D,Scientist
120,4,144500.0,Yes,Master,Yes,0.0,https://www.linkedin.com/jobs/view/3483520818/?alternateChannel=search&refId=lCMJLZ7NgJ94mbhHQMokqQ%3D%3D&trackingId=qBeQcuiOoOGUne5co8SBrw%3D%3D,Scientist
121,5,143800.0,Yes,PhD,Yes,0.0,https://www.linkedin.com/jobs/view/3502126460/?alternateChannel=search&refId=lCMJLZ7NgJ94mbhHQMokqQ%3D%3D&trackingId=yN1NUGfDMM%2BcsvZKStEznw%3D%3D,Scientist
122,5,144500.0,Yes,Bachelor,No,1.0,https://www.linkedin.com/jobs/view/3494079586/?alternateChannel=search&refId=QAUMDYnvoyikGeW0pcDomA%3D%3D&trackingId=R%2FIoYEpwKzDjv3ZcPY5tFQ%3D%3D,Scientist
123,6,150000.0,Yes,PhD,Yes,0.0,https://www.linkedin.com/jobs/view/3493573277/?alternateChannel=search&refId=lCMJLZ7NgJ94mbhHQMokqQ%3D%3D&trackingId=jqoNglC19Wk7gDjXBXktGw%3D%3D,Scientist
124,1,144500.0,Yes,Unspecified,No,5.0,https://www.linkedin.com/jobs/view/3487708421/?alternateChannel=search&refId=lCMJLZ7NgJ94mbhHQMokqQ%3D%3D&trackingId=svWgJo4BUqrwc5V%2FpG1BZg%3D%3D,Scientist
125,3,144500.0,Yes,PhD,No,5.0,https://www.linkedin.com/jobs/view/3490335163/?alternateChannel=search&refId=lCMJLZ7NgJ94mbhHQMokqQ%3D%3D&trackingId=AGJHzw6elSZvQ1Lbf4Pgmg%3D%3D,Scientist
126,3,144500.0,Yes,Master,No,0.0,https://www.linkedin.com/jobs/view/3500300099/?alternateChannel=search&refId=tx24jCRLjQu2wAWhl8q2kw%3D%3D&trackingId=9PAhVDUO3huGX7Ve6aOE9w%3D%3D,Scientist
127,6,144500.0,Yes,Master,No,1.0,https://www.linkedin.com/jobs/view/3493932962/?alternateChannel=search&refId=tx24jCRLjQu2wAWhl8q2kw%3D%3D&trackingId=gGcDWkoYF9IdTRsQT1uOJg%3D%3D,Scientist
128,5,144500.0,No,Bachelor,Yes,1.0,https://www.linkedin.com/jobs/view/3478642744/?alternateChannel=search&refId=tx24jCRLjQu2wAWhl8q2kw%3D%3D&trackingId=EYi2OTBP5HzO2mjtGeXLMg%3D%3D,Scientist
129,0,144500.0,Yes,PhD,No,5.0,https://www.linkedin.com/jobs/view/3478646349/?alternateChannel=search&refId=tx24jCRLjQu2wAWhl8q2kw%3D%3D&trackingId=ODhkdvq5VixPOMl9MWgdow%3D%3D,Scientist
130,3,144500.0,Yes,Bachelor,Yes,3.0,https://www.linkedin.com/jobs/view/3490315684/?alternateChannel=search&refId=tx24jCRLjQu2wAWhl8q2kw%3D%3D&trackingId=k%2BGJSb4h0UYwTjKOwZa4Fg%3D%3D,Scientist
131,1,144500.0,Yes,Unspecified,No,0.0,https://www.linkedin.com/jobs/view/3495947949/?alternateChannel=search&refId=J44dYJy3n8vrAe6BMWFWzA%3D%3D&trackingId=KUcOZWsom5U13KFGXhrzag%3D%3D,Scientist
132,1,144500.0,Yes,Master,No,3.0,https://www.linkedin.com/jobs/view/3499198986/?alternateChannel=search&refId=J44dYJy3n8vrAe6BMWFWzA%3D%3D&trackingId=XG8Fp04161iejDebu4Giyg%3D%3D,Scientist
133,6,144500.0,Yes,Unspecified,Yes,0.0,https://www.linkedin.com/jobs/view/3483125003/?alternateChannel=search&refId=J44dYJy3n8vrAe6BMWFWzA%3D%3D&trackingId=8lAsH8cgjFfICzCE87XWVw%3D%3D,Scientist
134,3,144500.0,Yes,PhD,No,9.0,https://www.linkedin.com/jobs/view/3497996600/?alternateChannel=search&refId=J44dYJy3n8vrAe6BMWFWzA%3D%3D&trackingId=r%2FfYu1iL9shMRO5VfnTnaA%3D%3D,Scientist
135,3,144500.0,No,Unspecified,No,0.0,https://www.linkedin.com/jobs/view/3485531966/?alternateChannel=search&refId=J44dYJy3n8vrAe6BMWFWzA%3D%3D&trackingId=%2BMhKnG8wEHlLaReJVY%2BVEA%3D%3D,Scientist
136,4,144500.0,Yes,Unspecified,No,2.0,https://www.linkedin.com/jobs/view/3483162019/?alternateChannel=search&refId=J44dYJy3n8vrAe6BMWFWzA%3D%3D&trackingId=Vfvn3DB%2FZ6asJxPcHJ8oDA%3D%3D,Scientist
137,3,81300.0,Yes,Bachelor,Yes,1.0,https://www.linkedin.com/jobs/view/3491751485/?alternateChannel=search&refId=J44dYJy3n8vrAe6BMWFWzA%3D%3D&trackingId=QKY6Bhv2BCd0OerbFUKHOA%3D%3D,Scientist
138,3,144500.0,Yes,PhD,No,3.0,https://www.linkedin.com/jobs/view/3503247533/?alternateChannel=search&refId=J44dYJy3n8vrAe6BMWFWzA%3D%3D&trackingId=zp7oF5%2FsiOxwJYWjHU8FcQ%3D%3D,Scientist
139,4,144500.0,Yes,PhD,Yes,0.0,https://www.linkedin.com/jobs/view/3474104997/?alternateChannel=search&refId=GnHhQQXnnWxufh3U2wRtNQ%3D%3D&trackingId=W4fPMPJ%2FB68EVqR29ho8Sg%3D%3D,Scientist
140,4,144500.0,Yes,Bachelor,Yes,0.0,https://www.linkedin.com/jobs/view/3491480925/?alternateChannel=search&refId=GnHhQQXnnWxufh3U2wRtNQ%3D%3D&trackingId=obkwBm89NkGEyj1%2Fr%2BaguA%3D%3D,Scientist
141,4,144500.0,Yes,Unspecified,Yes,0.0,https://www.linkedin.com/jobs/view/3490390307/?alternateChannel=search&refId=GnHhQQXnnWxufh3U2wRtNQ%3D%3D&trackingId=64lJcJmFrjTb5LeG%2BGn3Qw%3D%3D,Scientist
142,2,144500.0,Yes,PhD,No,5.0,https://www.linkedin.com/jobs/view/3491783046/?alternateChannel=search&refId=GnHhQQXnnWxufh3U2wRtNQ%3D%3D&trackingId=tUvUd1HD2UP8QK%2B3m4PQtQ%3D%3D,Scientist
143,4,144500.0,Yes,Master,Yes,1.0,https://www.linkedin.com/jobs/view/3482039211/?alternateChannel=search&refId=GnHhQQXnnWxufh3U2wRtNQ%3D%3D&trackingId=Kbwc7ZPi%2FZjeLTZDB2IPTg%3D%3D,Scientist
144,4,144500.0,Yes,Master,Yes,3.0,https://www.linkedin.com/jobs/view/3494351211/?alternateChannel=search&refId=GnHhQQXnnWxufh3U2wRtNQ%3D%3D&trackingId=v67CAV0A%2B9u33k5OyBOsLw%3D%3D,Scientist
145,4,144500.0,No,Unspecified,No,2.0,https://www.linkedin.com/jobs/view/3479875781/?alternateChannel=search&refId=GnHhQQXnnWxufh3U2wRtNQ%3D%3D&trackingId=Nod2VquRNI7t9C75bpTCBg%3D%3D,Scientist
146,2,170000.0,No,PhD,Yes,0.0,https://www.linkedin.com/jobs/view/3487876716/?alternateChannel=search&refId=GnHhQQXnnWxufh3U2wRtNQ%3D%3D&trackingId=WW1s4SIM6oQyarzpf9dgXw%3D%3D,Scientist
147,3,144500.0,No,Unspecified,No,0.0,https://www.linkedin.com/jobs/view/3494440488/?alternateChannel=search&refId=GnHhQQXnnWxufh3U2wRtNQ%3D%3D&trackingId=AWWH3x5ZAAu7gv6mLRuzJQ%3D%3D,Scientist
148,4,144500.0,No,Unspecified,Yes,0.0,https://www.linkedin.com/jobs/view/3492155495/?alternateChannel=search&refId=GnHhQQXnnWxufh3U2wRtNQ%3D%3D&trackingId=Qvl5z3xEFYI8cmcmmUTEBg%3D%3D,Scientist
149,3,144500.0,Yes,Unspecified,No,0.0,https://www.linkedin.com/jobs/view/3490320222/?alternateChannel=search&refId=GnHhQQXnnWxufh3U2wRtNQ%3D%3D&trackingId=G3zzdX1yTfgoBqfieR4YtA%3D%3D,Scientist
150,1,144500.0,No,Unspecified,Yes,0.0,https://www.linkedin.com/jobs/view/3497740104/?alternateChannel=search&refId=GnHhQQXnnWxufh3U2wRtNQ%3D%3D&trackingId=L%2B1iMzPS31NpHXwzDxAwbw%3D%3D,Scientist
151,1,144500.0,No,PhD,Yes,0.0,https://www.linkedin.com/jobs/view/3478070149/?alternateChannel=search&refId=4A%2FyoMybD2%2FV2EKj0IOzvw%3D%3D&trackingId=MnneVlPxoIu1s8y6WFa6Lw%3D%3D,Scientist
152,1,144500.0,No,Unspecified,Yes,0.0,https://www.linkedin.com/jobs/view/3500236943/?alternateChannel=search&refId=4A%2FyoMybD2%2FV2EKj0IOzvw%3D%3D&trackingId=7yRQ%2Bv849NcnLrMGyPQIYw%3D%3D,Scientist
153,3,144500.0,Yes,PhD,No,3.0,https://www.linkedin.com/jobs/view/3487708185/?alternateChannel=search&refId=4A%2FyoMybD2%2FV2EKj0IOzvw%3D%3D&trackingId=UV0nErSDDQpgEFJMzQby1g%3D%3D,Scientist
154,2,144500.0,Yes,Master,No,3.0,https://www.linkedin.com/jobs/view/3503257941/?alternateChannel=search&refId=4A%2FyoMybD2%2FV2EKj0IOzvw%3D%3D&trackingId=rYyBTplUJDJlXiIjDKT6pA%3D%3D,Scientist
155,6,144500.0,Yes,Master,Yes,0.0,https://www.linkedin.com/jobs/view/3494092583/?alternateChannel=search&refId=giEumJfy6zBQ2wduDiKFlg%3D%3D&trackingId=eCfD%2FCz%2FMPx1IcCp2n7Afg%3D%3D,Scientist
156,0,144500.0,Yes,Unspecified,No,7.0,https://www.linkedin.com/jobs/view/3497865734/?alternateChannel=search&refId=giEumJfy6zBQ2wduDiKFlg%3D%3D&trackingId=sx6inYrSEzZFEcAf1SfZ2A%3D%3D,Scientist
157,3,144500.0,Yes,Unspecified,No,0.0,https://www.linkedin.com/jobs/view/3483751776/?alternateChannel=search&refId=giEumJfy6zBQ2wduDiKFlg%3D%3D&trackingId=X2bOp6l3v4DklEud2Qvv0w%3D%3D,Scientist
158,5,144500.0,No,Master,Yes,1.0,https://www.linkedin.com/jobs/view/3482049975/?alternateChannel=search&refId=giEumJfy6zBQ2wduDiKFlg%3D%3D&trackingId=VWC4XDVhBktZ8exg5oUVEQ%3D%3D,Scientist
159,6,94500.0,No,Master,No,3.0,https://www.linkedin.com/jobs/view/3490315892/?alternateChannel=search&refId=giEumJfy6zBQ2wduDiKFlg%3D%3D&trackingId=5qMC2qnJ%2FLtPk0xfMoJoIA%3D%3D,Scientist
160,2,144500.0,No,Unspecified,No,0.0,https://www.linkedin.com/jobs/view/3494496847/?alternateChannel=search&refId=giEumJfy6zBQ2wduDiKFlg%3D%3D&trackingId=xXXUGBFhhwfhjAg6tbzlvQ%3D%3D,Scientist
161,5,144500.0,No,Master,Yes,3.0,https://www.linkedin.com/jobs/view/3490818587/?alternateChannel=search&refId=%2B2Fnmr3ZH8vYmtI5fkRwjw%3D%3D&trackingId=pJe0V5jYgsqm0YMIzCywcw%3D%3D,Scientist
162,4,144500.0,No,Master,No,2.0,https://www.linkedin.com/jobs/view/3495956692/?alternateChannel=search&refId=%2B2Fnmr3ZH8vYmtI5fkRwjw%3D%3D&trackingId=kPmVEc22smQKkmdpQXj%2BTA%3D%3D,Scientist
163,3,144500.0,No,PhD,No,1.0,https://www.linkedin.com/jobs/view/3498714814/?alternateChannel=search&refId=%2B2Fnmr3ZH8vYmtI5fkRwjw%3D%3D&trackingId=YF0gseljilW%2BExWmO2%2BGVg%3D%3D,Scientist
164,4,144500.0,Yes,PhD,No,4.0,https://www.linkedin.com/jobs/view/3475943161/?alternateChannel=search&refId=15cszUJB8%2BvoFHkhHq4ZWw%3D%3D&trackingId=aU4V7xN89RTgQFXbh7fHdw%3D%3D,Scientist
165,4,140000.0,Yes,PhD,Yes,0.0,https://www.linkedin.com/jobs/view/3507105466/?alternateChannel=search&refId=15cszUJB8%2BvoFHkhHq4ZWw%3D%3D&trackingId=AvVlT4wTEUZYv8GxdiOyKw%3D%3D,Scientist
166,0,144500.0,No,Bachelor,No,2.0,https://www.linkedin.com/jobs/view/3441702869/?alternateChannel=search&refId=gGykCqqW7PR3%2BKGLlk4SSw%3D%3D&trackingId=P2r11%2Br0vjIFo9ZRz5inGQ%3D%3D,Scientist
167,4,125000.0,Yes,PhD,Yes,0.0,https://www.linkedin.com/jobs/view/3474339133/?alternateChannel=search&refId=gGykCqqW7PR3%2BKGLlk4SSw%3D%3D&trackingId=Mts%2F25J7MLiA08YiK21tqQ%3D%3D,Scientist
168,2,144500.0,Yes,Unspecified,No,0.0,https://www.linkedin.com/jobs/view/3296336105/?alternateChannel=search&refId=quOfBYU%2FKkLJrelEqLCmUw%3D%3D&trackingId=WwQZcMfAaJmm72jkKqUYlQ%3D%3D,Scientist
169,4,144500.0,Yes,Bachelor,No,5.0,https://www.linkedin.com/jobs/view/3305892542/?alternateChannel=search&refId=quOfBYU%2FKkLJrelEqLCmUw%3D%3D&trackingId=AxxBdK7B4HKj1Taq36gsXg%3D%3D,Scientist
170,0,130000.0,Yes,Unspecified,No,2.0,https://www.linkedin.com/jobs/view/3491905657/?alternateChannel=search&refId=AcP99l%2BE6W3E6YIU%2Bh0jrw%3D%3D&trackingId=XbMcwpxMo5p0cd8vANfJjg%3D%3D,Scientist
171,6,144500.0,Yes,Bachelor,No,3.0,https://www.linkedin.com/jobs/view/3443791832/?alternateChannel=search&refId=QT%2FkAD%2Bv4AoSyEjdkpypiA%3D%3D&trackingId=eMHIJwYWuzcbTiUFqbc%2Fpg%3D%3D,Scientist
172,4,144500.0,No,PhD,Yes,0.0,https://www.linkedin.com/jobs/view/3485843952/?alternateChannel=search&refId=QT%2FkAD%2Bv4AoSyEjdkpypiA%3D%3D&trackingId=2M4irBmza6LDnFM%2Fed8G7g%3D%3D,Scientist
173,1,144500.0,Yes,Master,Yes,0.0,https://www.linkedin.com/jobs/view/3501408792/?alternateChannel=search&refId=THGmPp5pcLJ7BFAfN4Xycg%3D%3D&trackingId=Z1AruM82D7mwW162Qb%2B5Dg%3D%3D,Scientist
174,2,144500.0,Yes,PhD,No,3.0,https://www.linkedin.com/jobs/view/3476789804/?alternateChannel=search&refId=6%2BGdZbNLh2m956lisP0kXg%3D%3D&trackingId=GPpD61gLLNnlRavxc4nfhw%3D%3D,Scientist
175,1,144500.0,Yes,Master,No,0.0,https://www.linkedin.com/jobs/view/3492929121/?alternateChannel=search&refId=6%2BGdZbNLh2m956lisP0kXg%3D%3D&trackingId=KZafzwPur%2F7%2FwFYiTR7vTw%3D%3D,Scientist
176,4,144500.0,Yes,Bachelor,No,0.0,https://www.linkedin.com/jobs/view/2914502/?alternateChannel=search&refId=DOcFFWyaGQugL7mUzLowFw%3D%3D&trackingId=F4mLHtD%2BuQlC0WBxo8GbVQ%3D%3D,Scientist
177,3,144500.0,No,Master,Yes,3.0,https://www.linkedin.com/jobs/view/3480674131/?alternateChannel=search&refId=2qEPhgj%2FWEJYFnl6velTYA%3D%3D&trackingId=M1PvIplKKU%2FATmdKTfnZzw%3D%3D,Scientist
178,3,144500.0,No,PhD,Yes,0.0,https://www.linkedin.com/jobs/view/3487706839/?alternateChannel=search&refId=2qEPhgj%2FWEJYFnl6velTYA%3D%3D&trackingId=WoCl%2BCUZrl5qTvv2Sx7AsQ%3D%3D,Scientist
179,4,144500.0,Yes,Unspecified,Yes,5.0,https://www.linkedin.com/jobs/view/3457192628/?alternateChannel=search&refId=2qEPhgj%2FWEJYFnl6velTYA%3D%3D&trackingId=Xt2nLfjg8CP9lzsR7IBXkg%3D%3D,Scientist
180,4,144500.0,No,Master,Yes,2.0,https://www.linkedin.com/jobs/view/3507857368/?alternateChannel=search&refId=IpiB3zTYY9qWEKZmoTHbPg%3D%3D&trackingId=NIsGJSaAT0pxrecD9bcUgA%3D%3D,Scientist
181,4,144500.0,No,Unspecified,No,2.0,https://www.linkedin.com/jobs/view/3479875781/?alternateChannel=search&refId=IpiB3zTYY9qWEKZmoTHbPg%3D%3D&trackingId=N%2FP4azAdlvcF6wngtVDSiQ%3D%3D,Scientist
182,3,144500.0,Yes,Unspecified,Yes,0.0,https://www.linkedin.com/jobs/view/3483757696/?alternateChannel=search&refId=IpiB3zTYY9qWEKZmoTHbPg%3D%3D&trackingId=%2FUGg9vALMFDJ0q6LSe7BCw%3D%3D,Scientist
183,3,150000.0,No,Unspecified,No,3.0,https://www.linkedin.com/jobs/view/3358202763/?alternateChannel=search&refId=SfcYnvpclbZDDJ7lPSrSPQ%3D%3D&trackingId=38ZGC9G35b2H733ekwiVnA%3D%3D,Scientist
184,2,144500.0,Yes,Master,No,0.0,https://www.linkedin.com/jobs/view/3464653380/?alternateChannel=search&refId=SfcYnvpclbZDDJ7lPSrSPQ%3D%3D&trackingId=0JLSJguO6KpZdqKBiGN7JA%3D%3D,Scientist
185,4,144500.0,Yes,Unspecified,No,2.0,https://www.linkedin.com/jobs/view/3500478205/?alternateChannel=search&refId=PUPGvLaaEsPhdK8D0L0ygA%3D%3D&trackingId=dSnLGgpV4%2FxCwcKnuGKp2g%3D%3D,Scientist
186,3,190150.0,Yes,Master,No,0.0,https://www.linkedin.com/jobs/view/3485589284/?alternateChannel=search&refId=pbtG%2BpKcSINrxQ2zyK%2BMig%3D%3D&trackingId=nK7VKXmHYxCpB%2FgAwTkDug%3D%3D,Scientist
187,4,144500.0,Yes,PhD,Yes,0.0,https://www.linkedin.com/jobs/view/3507569128/?alternateChannel=search&refId=IN0DvsJIujEd%2BWI%2FMhTRdg%3D%3D&trackingId=IEFExitPVuqQ0A7ZFKmLlA%3D%3D,Scientist
188,4,144500.0,Yes,Master,Yes,0.0,https://www.linkedin.com/jobs/view/3483520818/?alternateChannel=search&refId=pGBsiuo3aY8Jo0jXvTu2HA%3D%3D&trackingId=O7KBgmRqudkuzNzDrDrqYw%3D%3D,Scientist
189,2,144500.0,Yes,PhD,No,2.0,https://www.linkedin.com/jobs/view/3467081732/?alternateChannel=search&refId=P1YoVgcPvPSH489r01dCiA%3D%3D&trackingId=xv4pQN75x0yLREEJ2R5TLA%3D%3D,Scientist
190,2,150000.0,No,PhD,Yes,3.0,https://www.linkedin.com/jobs/view/3249197629/?alternateChannel=search&refId=P1YoVgcPvPSH489r01dCiA%3D%3D&trackingId=HdrXOtAS9jn7JXAKm8y15w%3D%3D,Scientist
191,2,144500.0,Yes,Master,No,3.0,https://www.linkedin.com/jobs/view/3458734550/?alternateChannel=search&refId=P1YoVgcPvPSH489r01dCiA%3D%3D&trackingId=VBZmvO2BWDS%2FdhuW%2FpwXVw%3D%3D,Scientist
192,2,144500.0,Yes,Bachelor,Yes,1.0,https://www.linkedin.com/jobs/view/3482023892/?alternateChannel=search&refId=Xo0kXhfdA3TH8SWtZR%2FdRw%3D%3D&trackingId=fjHxpeo%2B7gKgzdKsir0vEA%3D%3D,Scientist
193,6,144500.0,Yes,Unspecified,Yes,0.0,https://www.linkedin.com/jobs/view/3483125003/?alternateChannel=search&refId=BHDOKV6ZbYCYAKZAyrWYEw%3D%3D&trackingId=Cd0P9g%2BU4DLptZPdMYqPdA%3D%3D,Scientist
194,5,144500.0,Yes,Master,Yes,0.0,https://www.linkedin.com/jobs/view/3485548898/?alternateChannel=search&refId=NsgoInM8U39LUKlfbCUrCA%3D%3D&trackingId=K64BxGUKjeWMA5I4hO9lKA%3D%3D,Scientist
195,6,162000.0,No,Bachelor,No,0.0,https://www.linkedin.com/jobs/view/3507782958/?alternateChannel=search&refId=rxVUjOGLI0qLqScASWLU%2Fg%3D%3D&trackingId=1wLGQGGg7vSB4JF1BbqZLA%3D%3D,Scientist
196,4,144500.0,Yes,Master,Yes,3.0,https://www.linkedin.com/jobs/view/3494351211/?alternateChannel=search&refId=rxVUjOGLI0qLqScASWLU%2Fg%3D%3D&trackingId=UYX%2B4wjCr6R1o1JCSOGVYA%3D%3D,Scientist
197,3,144500.0,Yes,Unspecified,Yes,0.0,https://www.linkedin.com/jobs/view/3496401704/?alternateChannel=search&refId=ozUPHUao4HZPqC3GPYMfqA%3D%3D&trackingId=BEwE8a7%2Fnm3%2FdE3SeQGscw%3D%3D,Scientist
